id,generated
0000aaaa,0.3035902
1111bbbb,0.3035902
2222cccc,0.3035902
