id,generated
0000aaaa,0.0018149303507863153
1111bbbb,0.0018149303507863153
2222cccc,0.0018149303507863153
